{
	 "rootnode": {
		 "name": "RootNode"
		,"transformation": [
			 1
			,0
			,0
			,0
			,0
			,1
			,0
			,0
			,0
			,0
			,1
			,0
			,0
			,0
			,0
			,1
		]
		,"children": [
			{
				 "name": "Object001_$AssimpFbx$_PreRotation"
				,"transformation": [
					 1
					,0
					,0
					,0
					,0
					,-4.37114e-008
					,1
					,0
					,0
					,-1
					,-4.37114e-008
					,0
					,0
					,0
					,0
					,1
				]
				,"children": [
					{
						 "name": "Object001"
						,"transformation": [
							 1
							,0
							,0
							,0
							,0
							,1
							,0
							,0
							,0
							,0
							,1
							,0
							,0
							,0
							,0
							,1
						]
						,"meshes": [
							 0
						]
					}
				]
			}
		]
	}
	,"flags": 8
	,"meshes": [
		{
			 "name": ""
			,"materialindex": 0
			,"primitivetypes": 4
			,"vertices": [
				 0.94994
				,-21.063
				,15.7806
				,0.94994
				,-22.7984
				,7.05596
				,0.94994
				,-1.40568e-005
				,7.05597
				,0.94994
				,-16.1209
				,23.1769
				,-0.949944
				,16.121
				,23.1769
				,-0.949944
				,1.71661e-005
				,7.05597
				,-0.949944
				,1.54091e-005
				,29.8544
				,-0.949944
				,8.7246
				,28.119
				,0.94994
				,8.7246
				,28.119
				,0.94994
				,-1.69737e-005
				,29.8544
				,0.94994
				,16.1209
				,23.1769
				,0.94994
				,21.063
				,15.7806
				,0.94994
				,22.7984
				,7.05598
				,0.94994
				,-8.72461
				,28.119
				,0.94994
				,-21.063
				,-1.6686
				,0.94994
				,-16.1209
				,-9.06499
				,0.94994
				,-8.72456
				,-14.0071
				,0.94994
				,-1.11399e-005
				,-15.7425
				,0.949941
				,8.72459
				,-14.007
				,0.94994
				,16.1209
				,-9.06495
				,0.94994
				,21.063
				,-1.66861
				,-0.949944
				,21.063
				,-1.66859
				,-0.949944
				,16.1209
				,-9.06495
				,-0.949944
				,22.7984
				,7.05598
				,-0.949944
				,21.063
				,15.7806
				,-0.949944
				,8.72459
				,-14.007
				,-0.949944
				,1.70906e-005
				,-15.7425
				,-0.949944
				,-8.7246
				,-14.007
				,-0.949944
				,-16.1209
				,-9.06494
				,-0.949944
				,-21.063
				,-1.6686
				,-0.949944
				,-22.7984
				,7.05596
				,-0.949944
				,-21.063
				,15.7806
				,-0.949944
				,-16.1209
				,23.1769
				,-0.949944
				,-8.72458
				,28.119
			]
			,"normals": [
				 1
				,4.83081e-009
				,-2.00099e-009
				,1
				,4.83081e-009
				,-2.00099e-009
				,1
				,4.83081e-009
				,-2.00099e-009
				,1
				,4.83081e-009
				,-2.00099e-009
				,-1
				,-3.15588e-009
				,1.30721e-009
				,-1
				,-3.15588e-009
				,1.30721e-009
				,-1
				,-3.15588e-009
				,1.30721e-009
				,-1
				,-3.15588e-009
				,1.30721e-009
				,1
				,1.15489e-009
				,-6.13802e-009
				,1
				,1.15489e-009
				,-6.13802e-009
				,1
				,1.15489e-009
				,-6.13802e-009
				,1
				,-4.83081e-009
				,-2.00099e-009
				,1
				,-4.83081e-009
				,-2.00099e-009
				,1
				,-1.1549e-009
				,-6.13803e-009
				,1
				,4.83081e-009
				,2.00099e-009
				,1
				,4.83081e-009
				,2.00099e-009
				,1
				,1.2778e-008
				,-1.37823e-008
				,1
				,1.2778e-008
				,-1.37823e-008
				,1
				,-5.00247e-009
				,1.2077e-008
				,1
				,-5.00247e-009
				,1.2077e-008
				,1
				,7.10181e-010
				,-1.87809e-008
				,-1
				,-2.21641e-009
				,8.31276e-009
				,-1
				,-2.21641e-009
				,8.31276e-009
				,-1
				,-2.21641e-009
				,8.31276e-009
				,-1
				,2.21639e-009
				,8.31275e-009
				,-1
				,3.00149e-009
				,-7.24622e-009
				,-1
				,3.00149e-009
				,-7.24622e-009
				,-1
				,-4.31075e-009
				,7.44524e-009
				,-1
				,-4.31075e-009
				,7.44524e-009
				,-1
				,0
				,0
				,-1
				,0
				,0
				,-1
				,-4.83081e-009
				,2.00099e-009
				,-1
				,-4.83081e-009
				,2.00099e-009
				,-1
				,9.46765e-009
				,3.92163e-009
			]
			,"tangents": [
				 4.83082e-009
				,-1
				,8.60852e-007
				,4.83081e-009
				,-1
				,1.91301e-007
				,2.01636e-009
				,-1
				,-7.05768e-007
				,2.83558e-009
				,-1
				,7.07813e-007
				,1.36512e-009
				,-1
				,1.74792e-007
				,3.31578e-010
				,-1
				,-2.96932e-008
				,-1.05196e-009
				,-1
				,1.27075e-007
				,3.15588e-009
				,-1
				,3.7697e-007
				,1.15488e-009
				,-1
				,-2.12344e-006
				,3.84959e-010
				,-1
				,-2.0565e-007
				,-8.40351e-010
				,-1
				,-1.28172e-006
				,-4.83081e-009
				,-1
				,8.60854e-008
				,-2.98381e-009
				,-1
				,7.78857e-008
				,-1.15491e-009
				,-1
				,-2.02301e-006
				,4.83081e-009
				,-1
				,1.72172e-007
				,7.47985e-009
				,-1
				,7.46074e-007
				,1.27779e-008
				,-1
				,-3.673e-006
				,6.85112e-009
				,-1
				,-1.98954e-006
				,-5.00246e-009
				,-1
				,-5.73903e-007
				,-3.09823e-009
				,-1
				,1.14781e-007
				,7.10182e-010
				,-1
				,6.14863e-008
				,2.21641e-009
				,-1
				,1.72172e-007
				,4.77108e-010
				,-1
				,-3.06082e-007
				,7.38809e-010
				,-1
				,1.72171e-007
				,-2.21639e-009
				,-1
				,-2.29562e-007
				,-3.00149e-009
				,-1
				,-3.44343e-007
				,-5.64083e-010
				,-1
				,4.35211e-007
				,4.31075e-009
				,-1
				,1.43475e-008
				,2.87384e-009
				,-1
				,3.44343e-007
				,0
				,-1
				,1.24231e-007
				,1.61027e-009
				,-1
				,1.24231e-007
				,4.83081e-009
				,-1
				,8.03461e-007
				,6.46573e-011
				,-1
				,4.11403e-007
				,-9.46764e-009
				,-1
				,1.79062e-006
			]
			,"bitangents": [
				 -2.00098e-009
				,-1.66431e-006
				,-1
				,-6.66994e-010
				,-4.25642e-007
				,-1
				,-4.0849e-009
				,-5.05484e-007
				,-1
				,-3.38e-009
				,-4.97378e-007
				,-1
				,-3.64238e-009
				,-1.22093e-006
				,-1
				,-2.81795e-009
				,-3.50893e-008
				,-1
				,-2.17868e-009
				,-1.48718e-006
				,-1
				,-1.3072e-009
				,-2.26182e-006
				,-1
				,-6.13802e-009
				,-2.23822e-006
				,-1
				,-6.13802e-009
				,1.33911e-007
				,-1
				,-4.75901e-009
				,-8.60852e-007
				,-1
				,-2.00099e-009
				,1.29128e-007
				,-1
				,-7.59429e-009
				,-2.96517e-007
				,-1
				,-6.13803e-009
				,1.14781e-007
				,-1
				,2.00099e-009
				,8.75206e-007
				,-1
				,-3.26011e-009
				,3.29037e-006
				,-1
				,-1.37823e-008
				,1.27944e-007
				,-1
				,-5.16249e-009
				,1.27944e-007
				,-1
				,1.2077e-008
				,9.18246e-007
				,-1
				,1.79106e-009
				,1.33911e-006
				,-1
				,-1.87809e-008
				,-1.14781e-006
				,-1
				,-8.31276e-009
				,-5.30863e-007
				,-1
				,-3.12643e-009
				,2.58257e-007
				,-1
				,-8.31275e-009
				,-3.77821e-007
				,-1
				,-8.31275e-009
				,8.6086e-007
				,-1
				,7.24622e-009
				,8.60855e-008
				,-1
				,2.34907e-009
				,-2.81473e-017
				,-1
				,-7.44524e-009
				,-9.55436e-018
				,-1
				,-4.96349e-009
				,-1.33911e-007
				,-1
				,0
				,0
				,-1
				,-6.66995e-010
				,1.87799e-017
				,-1
				,-2.00098e-009
				,-9.18242e-007
				,-1
				,-2.6412e-009
				,-5.91455e-007
				,-1
				,-3.92158e-009
				,4.90064e-006
				,-1
			]
			,"numuvcomponents": [
				 2
			]
			,"texturecoords": [
				[
					 0.939918
					,0.68222
					,0.976164
					,0.5
					,0.5
					,0.5
					,0.836699
					,0.836699
					,0.163301
					,0.836698
					,0.5
					,0.5
					,0.5
					,0.976164
					,0.31778
					,0.939918
					,0.31778
					,0.939918
					,0.5
					,0.976164
					,0.163301
					,0.836698
					,0.0600825
					,0.68222
					,0.0238367
					,0.5
					,0.68222
					,0.939918
					,0.939918
					,0.31778
					,0.836699
					,0.163302
					,0.68222
					,0.0600827
					,0.5
					,0.0238366
					,0.31778
					,0.0600826
					,0.163302
					,0.163302
					,0.0600823
					,0.317781
					,0.0600823
					,0.317781
					,0.163302
					,0.163302
					,0.0238366
					,0.5
					,0.0600825
					,0.68222
					,0.31778
					,0.0600826
					,0.5
					,0.0238366
					,0.68222
					,0.0600827
					,0.836699
					,0.163302
					,0.939918
					,0.31778
					,0.976164
					,0.5
					,0.939918
					,0.68222
					,0.836699
					,0.836699
					,0.68222
					,0.939918
				]
			]
			,